{
  "configVersion": 2,
  "packages": [
    {
      "name": "async",
      "rootUri": "file:///C:/flutter/flutter/.pub-cache/hosted/pub.dartlang.org/async-2.9.0",
      "packageUri": "lib/",
      "languageVersion": "2.14"
    },
    {
      "name": "boolean_selector",
      "rootUri": "file:///C:/flutter/flutter/.pub-cache/hosted/pub.dartlang.org/boolean_selector-2.1.0",
      "packageUri": "lib/",
      "languageVersion": "2.12"
    },
    {
      "name": "characters",
      "rootUri": "file:///C:/flutter/flutter/.pub-cache/hosted/pub.dartlang.org/characters-1.2.1",
      "packageUri": "lib/",
      "languageVersion": "2.12"
    },
    {
      "name": "clock",
      "rootUri": "file:///C:/flutter/flutter/.pub-cache/hosted/pub.dartlang.org/clock-1.1.1",
      "packageUri": "lib/",
      "languageVersion": "2.12"
    },
    {
      "name": "collection",
      "rootUri": "file:///C:/flutter/flutter/.pub-cache/hosted/pub.dartlang.org/collection-1.16.0",
      "packageUri": "lib/",
      "languageVersion": "2.12"
    },
    {
      "name": "cupertino_icons",
      "rootUri": "file:///C:/flutter/flutter/.pub-cache/hosted/pub.dartlang.org/cupertino_icons-1.0.5",
      "packageUri": "lib/",
      "languageVersion": "2.12"
    },
    {
      "name": "fake_async",
      "rootUri": "file:///C:/flutter/flutter/.pub-cache/hosted/pub.dartlang.org/fake_async-1.3.1",
      "packageUri": "lib/",
      "languageVersion": "2.12"
    },
    {
      "name": "flutter",
      "rootUri": "file:///C:/flutter/flutter/packages/flutter",
      "packageUri": "lib/",
      "languageVersion": "2.17"
    },
    {
      "name": "flutter_lints",
      "rootUri": "file:///C:/flutter/flutter/.pub-cache/hosted/pub.dartlang.org/flutter_lints-2.0.1",
      "packageUri": "lib/",
      "languageVersion": "2.17"
    },
    {
      "name": "flutter_test",
      "rootUri": "file:///C:/flutter/flutter/packages/flutter_test",
      "packageUri": "lib/",
      "languageVersion": "2.17"
    },
    {
      "name": "intl",
      "rootUri": "file:///C:/flutter/flutter/.pub-cache/hosted/pub.dartlang.org/intl-0.17.0",
      "packageUri": "lib/",
      "languageVersion": "2.12"
    },
    {
      "name": "lints",
      "rootUri": "file:///C:/flutter/flutter/.pub-cache/hosted/pub.dartlang.org/lints-2.0.0",
      "packageUri": "lib/",
      "languageVersion": "2.17"
    },
    {
      "name": "matcher",
      "rootUri": "file:///C:/flutter/flutter/.pub-cache/hosted/pub.dartlang.org/matcher-0.12.12",
      "packageUri": "lib/",
      "languageVersion": "2.12"
    },
    {
      "name": "material_color_utilities",
      "rootUri": "file:///C:/flutter/flutter/.pub-cache/hosted/pub.dartlang.org/material_color_utilities-0.1.5",
      "packageUri": "lib/",
      "languageVersion": "2.13"
    },
    {
      "name": "meta",
      "rootUri": "file:///C:/flutter/flutter/.pub-cache/hosted/pub.dartlang.org/meta-1.8.0",
      "packageUri": "lib/",
      "languageVersion": "2.12"
    },
    {
      "name": "nested",
      "rootUri": "file:///C:/flutter/flutter/.pub-cache/hosted/pub.dartlang.org/nested-1.0.0",
      "packageUri": "lib/",
      "languageVersion": "2.12"
    },
    {
      "name": "path",
      "rootUri": "file:///C:/flutter/flutter/.pub-cache/hosted/pub.dartlang.org/path-1.8.2",
      "packageUri": "lib/",
      "languageVersion": "2.12"
    },
    {
      "name": "provider",
      "rootUri": "file:///C:/flutter/flutter/.pub-cache/hosted/pub.dartlang.org/provider-6.0.4",
      "packageUri": "lib/",
      "languageVersion": "2.12"
    },
    {
      "name": "shrine_images",
      "rootUri": "file:///C:/flutter/flutter/.pub-cache/hosted/pub.dartlang.org/shrine_images-2.0.1",
      "packageUri": "lib/",
      "languageVersion": "2.12"
    },
    {
      "name": "sky_engine",
      "rootUri": "file:///C:/flutter/flutter/bin/cache/pkg/sky_engine",
      "packageUri": "lib/",
      "languageVersion": "2.12"
    },
    {
      "name": "source_span",
      "rootUri": "file:///C:/flutter/flutter/.pub-cache/hosted/pub.dartlang.org/source_span-1.9.0",
      "packageUri": "lib/",
      "languageVersion": "2.14"
    },
    {
      "name": "stack_trace",
      "rootUri": "file:///C:/flutter/flutter/.pub-cache/hosted/pub.dartlang.org/stack_trace-1.10.0",
      "packageUri": "lib/",
      "languageVersion": "2.12"
    },
    {
      "name": "stream_channel",
      "rootUri": "file:///C:/flutter/flutter/.pub-cache/hosted/pub.dartlang.org/stream_channel-2.1.0",
      "packageUri": "lib/",
      "languageVersion": "2.12"
    },
    {
      "name": "string_scanner",
      "rootUri": "file:///C:/flutter/flutter/.pub-cache/hosted/pub.dartlang.org/string_scanner-1.1.1",
      "packageUri": "lib/",
      "languageVersion": "2.12"
    },
    {
      "name": "term_glyph",
      "rootUri": "file:///C:/flutter/flutter/.pub-cache/hosted/pub.dartlang.org/term_glyph-1.2.1",
      "packageUri": "lib/",
      "languageVersion": "2.12"
    },
    {
      "name": "test_api",
      "rootUri": "file:///C:/flutter/flutter/.pub-cache/hosted/pub.dartlang.org/test_api-0.4.12",
      "packageUri": "lib/",
      "languageVersion": "2.12"
    },
    {
      "name": "vector_math",
      "rootUri": "file:///C:/flutter/flutter/.pub-cache/hosted/pub.dartlang.org/vector_math-2.1.2",
      "packageUri": "lib/",
      "languageVersion": "2.14"
    },
    {
      "name": "cupertino_store",
      "rootUri": "../",
      "packageUri": "lib/",
      "languageVersion": "2.18"
    }
  ],
  "generated": "2022-10-19T00:26:02.722745Z",
  "generator": "pub",
  "generatorVersion": "2.18.2"
}
